-- MySQL Script generated by MySQL Workbench
-- Sun 08 Jul 2018 03:15:38 PM -03
-- Model: New Model    Version: 1.0
-- MySQL Workbench Forward Engineering

SET @OLD_UNIQUE_CHECKS=@@UNIQUE_CHECKS, UNIQUE_CHECKS=0;
SET @OLD_FOREIGN_KEY_CHECKS=@@FOREIGN_KEY_CHECKS, FOREIGN_KEY_CHECKS=0;
SET @OLD_SQL_MODE=@@SQL_MODE, SQL_MODE='TRADITIONAL,ALLOW_INVALID_DATES';

-- -----------------------------------------------------
-- Schema Lista7
-- -----------------------------------------------------

-- -----------------------------------------------------
-- Schema Lista7
-- -----------------------------------------------------
CREATE SCHEMA IF NOT EXISTS `Lista7` DEFAULT CHARACTER SET utf8mb4 ;
USE `Lista7` ;

-- -----------------------------------------------------
-- Table `Lista7`.`empregado`
-- -----------------------------------------------------
CREATE TABLE IF NOT EXISTS `Lista7`.`empregado` (
  `id_empregado` INT(11) NOT NULL,
  `cpf` VARCHAR(45) CHARACTER SET 'utf8mb4' NULL DEFAULT NULL,
  `nome_empregado` VARCHAR(45) CHARACTER SET 'utf8mb4' NULL DEFAULT NULL,
  `endereco` VARCHAR(45) CHARACTER SET 'utf8mb4' NULL DEFAULT NULL,
  `sexo` VARCHAR(45) CHARACTER SET 'utf8mb4' NULL DEFAULT NULL,
  `salario` FLOAT NULL DEFAULT NULL,
  `supervisor_id` INT(11) NULL,
  `departamento_id` INT(11) NULL,
  PRIMARY KEY (`id_empregado`),
  INDEX `fk_empregado_departamento1_idx` (`departamento_id` ASC),
  UNIQUE INDEX `cpf_UNIQUE` (`cpf` ASC),
  INDEX `fk_empregado_empregado1_idx` (`supervisor_id` ASC),
  CONSTRAINT `fk_empregado_departamento1`
    FOREIGN KEY (`departamento_id`)
    REFERENCES `Lista7`.`departamento` (`id_departamento`)
    ON DELETE NO ACTION
    ON UPDATE NO ACTION,
  CONSTRAINT `fk_empregado_empregado1`
    FOREIGN KEY (`supervisor_id`)
    REFERENCES `Lista7`.`empregado` (`id_empregado`)
    ON DELETE NO ACTION
    ON UPDATE NO ACTION)
ENGINE = InnoDB
DEFAULT CHARACTER SET = utf8mb4;


-- -----------------------------------------------------
-- Table `Lista7`.`departamento`
-- -----------------------------------------------------
CREATE TABLE IF NOT EXISTS `Lista7`.`departamento` (
  `id_departamento` INT(11) NOT NULL,
  `nome_departamento` VARCHAR(45) CHARACTER SET 'utf8mb4' NULL DEFAULT NULL,
  `gerente_id` INT(11) NULL,
  PRIMARY KEY (`id_departamento`),
  INDEX `fk_departamento_empregado1_idx` (`gerente_id` ASC),
  CONSTRAINT `fk_departamento_empregado1`
    FOREIGN KEY (`gerente_id`)
    REFERENCES `Lista7`.`empregado` (`id_empregado`)
    ON DELETE NO ACTION
    ON UPDATE NO ACTION)
ENGINE = InnoDB
DEFAULT CHARACTER SET = utf8mb4;


-- -----------------------------------------------------
-- Table `Lista7`.`departamento_localizacao`
-- -----------------------------------------------------
CREATE TABLE IF NOT EXISTS `Lista7`.`departamento_localizacao` (
  `departamento_id` INT(11) NULL,
  `localizacao_dpto` VARCHAR(45) CHARACTER SET 'utf8mb4' NULL DEFAULT NULL,
  CONSTRAINT `fk_departamento_localizacao_departamento1`
    FOREIGN KEY (`departamento_id`)
    REFERENCES `Lista7`.`departamento` (`id_departamento`)
    ON DELETE CASCADE
    ON UPDATE NO ACTION)
ENGINE = InnoDB
DEFAULT CHARACTER SET = utf8mb4;


-- -----------------------------------------------------
-- Table `Lista7`.`empregado_dependente`
-- -----------------------------------------------------
CREATE TABLE IF NOT EXISTS `Lista7`.`empregado_dependente` (
  `empregado_id` INT(11) NULL,
  `nome_dependente` VARCHAR(45) CHARACTER SET 'utf8mb4' NOT NULL,
  `sexo` VARCHAR(45) CHARACTER SET 'utf8mb4' NULL DEFAULT NULL,
  `data_nascimento` DATE NULL DEFAULT NULL,
  `parentesco` VARCHAR(45) CHARACTER SET 'utf8mb4' NULL DEFAULT NULL,
  PRIMARY KEY (`nome_dependente`),
  INDEX `fk_empregado_dependente_empregado1_idx` (`empregado_id` ASC),
  CONSTRAINT `fk_empregado_dependente_empregado1`
    FOREIGN KEY (`empregado_id`)
    REFERENCES `Lista7`.`empregado` (`id_empregado`)
    ON DELETE CASCADE
    ON UPDATE NO ACTION)
ENGINE = InnoDB
DEFAULT CHARACTER SET = utf8mb4;


-- -----------------------------------------------------
-- Table `Lista7`.`projeto`
-- -----------------------------------------------------
CREATE TABLE IF NOT EXISTS `Lista7`.`projeto` (
  `id_projeto` INT(11) NOT NULL,
  `nome_projeto` VARCHAR(45) CHARACTER SET 'utf8mb4' NULL DEFAULT NULL,
  `localizacao_projeto` VARCHAR(45) CHARACTER SET 'utf8mb4' NULL DEFAULT NULL,
  `departamento_id` INT(11) NOT NULL,
  PRIMARY KEY (`id_projeto`),
  INDEX `fk_projeto_departamento1_idx` (`departamento_id` ASC),
  CONSTRAINT `fk_projeto_departamento1`
    FOREIGN KEY (`departamento_id`)
    REFERENCES `Lista7`.`departamento` (`id_departamento`)
    ON DELETE RESTRICT
    ON UPDATE NO ACTION)
ENGINE = InnoDB
DEFAULT CHARACTER SET = utf8mb4;


-- -----------------------------------------------------
-- Table `Lista7`.`alocacao`
-- -----------------------------------------------------
CREATE TABLE IF NOT EXISTS `Lista7`.`alocacao` (
  `empregado_id` INT(11) NULL,
  `projeto_id` INT(11) NULL,
  `numHoras` INT NOT NULL,
  INDEX `fk_empregado_has_projeto_projeto1_idx` (`projeto_id` ASC),
  INDEX `fk_empregado_has_projeto_empregado1_idx` (`empregado_id` ASC),
  CONSTRAINT `fk_empregado_has_projeto_empregado1`
    FOREIGN KEY (`empregado_id`)
    REFERENCES `Lista7`.`empregado` (`id_empregado`)
    ON DELETE CASCADE
    ON UPDATE NO ACTION,
  CONSTRAINT `fk_empregado_has_projeto_projeto1`
    FOREIGN KEY (`projeto_id`)
    REFERENCES `Lista7`.`projeto` (`id_projeto`)
    ON DELETE NO ACTION
    ON UPDATE NO ACTION)
ENGINE = InnoDB
DEFAULT CHARACTER SET = utf8mb4;


SET SQL_MODE=@OLD_SQL_MODE;
SET FOREIGN_KEY_CHECKS=@OLD_FOREIGN_KEY_CHECKS;
SET UNIQUE_CHECKS=@OLD_UNIQUE_CHECKS;

-- -----------------------------------------------------
-- Registros
-- -----------------------------------------------------

use Lista7;

insert into empregado values 

    (11111, "111.111.111-1", "Daniel", "Rua D", "M", 5000.00, NULL, NULL), 
	(22222, "222.222.222-2", "Maria", "Rua M", "F", 3000.00, NULL, NULL),
	(33333, "333.333.333-3", "Francisca", "Rua F", "F", 10000.00, NULL, NULL),
	(44444, "444.444.444-4", "Pedro", "Rua P", "M", 2000.00, NULL, NULL),
	(55555, "555.555.555-5", "Ana", "Rua A", "F", 1500.00, NULL, NULL),
	(66666, "666.666.666-6", "Beatriz", "Rua B", "F", 2300.00, NULL, NULL),
	(77777, "777.777.777-7", "Carlos", "Rua C", "M", 1800.00, NULL, NULL),
	(88888, "888.888.888-8", "Helena", "Rua H", "F", 3200.00, NULL, NULL),
	(99999, "999.999.999-9", "João", "Rua J", "M", 2300.00, NULL, NULL);
  
insert into departamento values

    (1, "Marketing", 22222),
	(2, "Financeiro", 44444),
	(3, "TI", 33333),
	(4, "Recursos Humanos", 66666),
	(6, "Pesquisa", 99999);

insert into departamento_localizacao values

	(1, "Natal"),
	(2, "Rio de Janeiro"),
	(3, "São Paulo"),
	(4, "Minas Gerais"),
	(6, "Manaus");

insert into projeto values

	(101, "Contratação", "Natal", 4),
	(102, "Backup da Rede", "São Paulo", 3),
	(103, "Site", "Natal", 1),
	(104, "Opinião pública", "Manaus", 6),
	(105, "Pagamentos", "Rio de Janeiro", 2);

insert into alocacao values

	(11111, 102, 60),
	(22222, 103, 90),
	(33333, 103, 70),
	(44444, 105, 40),
	(55555, 105, 33),
	(66666, 101, 45),
	(77777, 101, 45),
	(88888, 103, 85),
	(99999, 104, 65);

insert into empregado_dependente values

	(22222, "Felipe", "M", "2001-07-01", "Filho"),
	(33333, "Caroline", "F", "1997-06-15", "Filha"),
	(44444, "Joana", "F", "1930-10-10", "Mãe"),
	(44444, "Roberto", "M", "1943-12-15", "Pai"),
	(99999, "Sophia", "F", "2009-05-23", "Filha");

update empregado
set supervisor_id = 33333
where id_empregado = 11111;

update empregado
set supervisor_id = 66666
where id_empregado = 77777;

update empregado
set supervisor_id = 22222
where id_empregado = 88888;

update empregado
set departamento_id = 3
where id_empregado = 11111;

update empregado
set departamento_id = 1
where id_empregado = 22222;

update empregado
set departamento_id = 3
where id_empregado = 33333;

update empregado
set departamento_id = 2
where id_empregado = 44444;

update empregado
set departamento_id = 2
where id_empregado = 55555;

update empregado
set departamento_id = 4
where id_empregado = 66666;

update empregado
set departamento_id = 4
where id_empregado = 77777;

update empregado
set departamento_id = 1
where id_empregado = 88888;

update empregado
set departamento_id = 6
where id_empregado = 99999;
